{
  "$schema": "https://raw.githubusercontent.com/spdx/spdx-spec/v2.2.1/schemas/spdx-schema.json",
  "spdxVersion": "SPDX-2.2",
  "dataLicense": "CC0-1.0",
  "SPDXID": "SPDXRef-DOCUMENT",
  "documentNamespace": "https://spdx.org/spdxdocs/cppzmq-x86-windows-4.8.1-8946f4b8-d2a3-42c1-ba83-522af9bc36aa",
  "name": "cppzmq:x86-windows@4.8.1 a0f60a262f7b49b89e3c0af122c3b0acbe60a86bf2c11c4c54daec2ae51b707b",
  "creationInfo": {
    "creators": [
      "Tool: vcpkg-522aa94e9d261c7d7b2f079bf2591ca62df5c714"
    ],
    "created": "2022-09-23T09:53:28Z"
  },
  "relationships": [
    {
      "spdxElementId": "SPDXRef-port",
      "relationshipType": "GENERATES",
      "relatedSpdxElement": "SPDXRef-binary"
    },
    {
      "spdxElementId": "SPDXRef-port",
      "relationshipType": "CONTAINS",
      "relatedSpdxElement": "SPDXRef-file-0"
    },
    {
      "spdxElementId": "SPDXRef-port",
      "relationshipType": "CONTAINS",
      "relatedSpdxElement": "SPDXRef-file-1"
    },
    {
      "spdxElementId": "SPDXRef-binary",
      "relationshipType": "GENERATED_FROM",
      "relatedSpdxElement": "SPDXRef-port"
    },
    {
      "spdxElementId": "SPDXRef-file-0",
      "relationshipType": "CONTAINED_BY",
      "relatedSpdxElement": "SPDXRef-port"
    },
    {
      "spdxElementId": "SPDXRef-file-1",
      "relationshipType": "CONTAINED_BY",
      "relatedSpdxElement": "SPDXRef-port"
    },
    {
      "spdxElementId": "SPDXRef-file-1",
      "relationshipType": "DEPENDENCY_MANIFEST_OF",
      "relatedSpdxElement": "SPDXRef-port"
    }
  ],
  "packages": [
    {
      "name": "cppzmq",
      "SPDXID": "SPDXRef-port",
      "versionInfo": "4.8.1",
      "downloadLocation": "git+https://github.com/Microsoft/vcpkg#ports/cppzmq",
      "homepage": "https://github.com/zeromq/cppzmq",
      "licenseConcluded": "NOASSERTION",
      "licenseDeclared": "NOASSERTION",
      "copyrightText": "NOASSERTION",
      "description": "lightweight messaging kernel, C++ bindings",
      "comment": "This is the port (recipe) consumed by vcpkg."
    },
    {
      "name": "cppzmq:x86-windows",
      "SPDXID": "SPDXRef-binary",
      "versionInfo": "a0f60a262f7b49b89e3c0af122c3b0acbe60a86bf2c11c4c54daec2ae51b707b",
      "downloadLocation": "NONE",
      "licenseConcluded": "NOASSERTION",
      "licenseDeclared": "NOASSERTION",
      "copyrightText": "NOASSERTION",
      "comment": "This is a binary package built by vcpkg."
    },
    {
      "SPDXID": "SPDXRef-resource-1",
      "name": "zeromq/cppzmq",
      "downloadLocation": "git+https://github.com/zeromq/cppzmq@v4.8.1",
      "licenseConcluded": "NOASSERTION",
      "licenseDeclared": "NOASSERTION",
      "copyrightText": "NOASSERTION",
      "checksums": [
        {
          "algorithm": "SHA512",
          "checksumValue": "02f9b77f67dd46557705511195eb3f4f4e52381256bc9687f36d3e69db6a628c19cfff02209b6e6b53822a60781ab0850eb064d8f020e059fc1aca4d191b66db"
        }
      ]
    }
  ],
  "files": [
    {
      "fileName": "./portfile.cmake",
      "SPDXID": "SPDXRef-file-0",
      "checksums": [
        {
          "algorithm": "SHA256",
          "checksumValue": "16fe18e36bcf899ba0d7ed44974f15f12b5a27a68c2f6b5a5a984f37830b1f58"
        }
      ],
      "licenseConcluded": "NOASSERTION",
      "copyrightText": "NOASSERTION"
    },
    {
      "fileName": "./vcpkg.json",
      "SPDXID": "SPDXRef-file-1",
      "checksums": [
        {
          "algorithm": "SHA256",
          "checksumValue": "384aaa13eab9d0be82d09d988e1e18a494570859280456478ca22bafb6f72a09"
        }
      ],
      "licenseConcluded": "NOASSERTION",
      "copyrightText": "NOASSERTION"
    }
  ]
}
